{
    "accuracy": 0.8538000000000001,
    "loss": 0.48314106464385986
}