{
    "accuracy": 0.9418000000000001,
    "loss": 0.17742203910835086
}