{
    "accuracy": 0.9323999999999999,
    "loss": 0.1834132028184831
}