{
    "accuracy": 0.9351999999999999,
    "loss": 0.19020689710974692
}