{
    "accuracy": 0.9445999999999999,
    "loss": 0.15706797544844447
}